Full Name,Date of Birth,Country of Origin,Prior Arrests,List of Charges,Pending Warrants
Jameson Reed,1985-05-12,United States,2,"Shoplifting; Public Intoxication",No
Elena Rodriguez,1992-11-03,Mexico,0,None,No
Marcus Thorne,1978-01-25,Canada,4,"Burglary; Possession of Controlled Substance; Assault",Yes
Saanvi Patel,2001-07-14,India,1,Speeding (Criminal),No
Liam O'Connor,1989-03-30,Ireland,0,None,No
Chen Wei,1995-12-09,China,2,"Fraud; Identity Theft",Yes
Amara Okafor,1982-08-21,Nigeria,0,None,No
Lucas Meyer,1974-06-17,Germany,3,"DUI; Reckless Driving",No
Sofia Conti,1998-02-11,Italy,1,Vandalism,No
Dmitri Volkov,1980-10-05,Russia,5,"Grand Theft Auto; Possession of Weapon",Yes
Alistair Vance,1972-04-12,United Kingdom,3,"Trespassing; Harassment",No
Xiuying Zhang,1990-09-28,China,0,None,No
Mateo Villanueva,1985-11-30,Philippines,1,Reckless Endangerment,No
Siobhan Murphy,1993-02-14,Ireland,0,None,No
Kofi Mensah,1988-07-05,Ghana,2,"Tax Evasion; Forgery",Yes
Beatrix Von Heisler,1965-12-01,Germany,0,None,No
Santiago Morales,1999-05-22,Colombia,4,"Aggravated Assault; Grand Larceny",Yes
Fatima Al-Sayed,1991-08-19,Egypt,0,None,No
Hiroshi Tanaka,1977-03-11,Japan,1,Public Nuisance,No
Ingrid Sjoberg,1982-10-25,Sweden,0,None,No
Dante Moretti,1994-06-08,Italy,2,"Illegal Gambling; Bookmaking",No
Lars Nielsen,1970-01-15,Denmark,6,"Arson; Criminal Mischief; Burglary",Yes
Anika Sharma,1987-11-12,India,0,None,No
Thierry Dubois,1983-04-29,France,1,Disturbing the Peace,No
Valentina Rossi,1996-02-28,Italy,0,None,No
Oleg Kuznetsov,1979-12-05,Russia,3,"Extortion; Racketeering",Yes
Priya Bakshi,1992-05-17,India,0,None,No
Caleb Whitlock,2001-09-09,Australia,1,Unlawful Assembly,No
Elowen Trewin,1988-10-31,United Kingdom,0,None,No
Rafael Santos,1995-07-20,Brazil,5,"Drug Trafficking; Money Laundering",Yes
Yuna Kim,1997-12-14,South Korea,0,None,No
Gideon Cross,1980-08-03,United States,2,"Stalking; Violation of Restraining Order",No
Amara Diallo,1994-03-25,Senegal,0,None,No
Kenji Sato,1968-11-18,Japan,1,Embezzlement,No
Maja Novak,1991-06-07,Slovenia,0,None,No
Bjorn Ironside,1984-02-22,Norway,3,"DUI; Destruction of Property",No
Elena Vance,1990-01-10,Canada,0,None,No
Zuberi Juma,1989-05-05,Kenya,1,Bribery,No
Clara Oswald,1986-11-23,United Kingdom,0,None,No
Mikhail Sokolov,1975-04-14,Russia,7,"Armed Robbery; Kidnapping; Manslaughter",Yes
Leila Haddad,1998-09-02,Lebanon,0,None,No
Jackson Miller,1993-12-19,United States,2,"Petty Theft; Simple Battery",No
Sanya Kaur,1984-08-27,India,0,None,No
Hugo Ferreira,1977-10-13,Portugal,1,Copyright Infringement,No
Nadia Volkov,1992-03-30,Ukraine,0,None,No
Felix Baum,1981-05-15,Austria,2,Industrial Espionage,Yes
Ximena Ortiz,1996-07-07,Mexico,0,None,No
Tariq Aziz,1988-11-11,Iraq,1,Visa Fraud,No
Evelyn Thorne,1973-06-21,United States,0,None,No
Malik Williams,2002-01-04,Jamaica,3,"Loitering; Resisting Arrest",No
Hanna Lindström,1995-12-25,Finland,0,None,No
Arthur Shelby,1979-02-09,United Kingdom,4,"Illegal Firearm Possession; Assault",Yes
Noor Jahan,1991-04-18,Pakistan,0,None,No
Silas Vane,1985-09-30,Canada,1,Cyber Harassment,No
Min-ho Park,1994-10-02,South Korea,0,None,No
Seraphina Blackwood,1982-03-13,United States,2,Animal Neglect,No
Dimitri Petrov,1978-08-26,Bulgaria,6,"Identity Theft; Wire Fraud",Yes
Aisha Bello,1993-07-14,Nigeria,0,None,No
Gunnar Sigurdsson,1980-05-05,Iceland,1,Illegal Fishing,No
Rosa Mendez,1997-11-19,Spain,0,None,No
Callum MacLeod,1989-12-31,Scotland,2,Poaching,No
Mei Ling,1992-06-12,Taiwan,0,None,No
Dominic Toretto,1976-08-29,United States,5,"Grand Theft Auto; Street Racing",Yes
Zoya Ivanova,1995-04-20,Russia,1,Prostitution,No
Ahmed Mansour,1983-10-10,UAE,0,None,No
Siaosi Funa,2000-02-15,Tonga,2,Affray,No
Freja Eriksen,1994-09-09,Denmark,0,None,No
Luigi Vampa,1962-05-13,Italy,8,"Highway Robbery; Smuggling",Yes
Pippa Middleton,1984-09-06,United Kingdom,0,None,No
Ezra Bridger,2002-05-04,United States,1,Trespassing,No
Yara Greyjoy,1988-03-17,United Kingdom,3,"Piracy; Theft",No
Bodhi Rook,1991-01-22,United Kingdom,1,Contraband Possession,No
Saffron Burrows,1972-10-22,United Kingdom,0,None,No
Victor Frankenstein,1960-01-01,Switzerland,1,Grave Robbing,Yes
Hester Prynne,1980-06-06,United States,1,Adultery (Historical/Civil),No
Holden Caulfield,1996-12-20,United States,0,None,No
Atticus Finch,1970-04-04,United States,0,None,No
Lisbeth Salander,1984-04-30,Sweden,4,"Hacking; Breaking and Entering",Yes
Patrick Bateman,1981-10-23,United States,0,None,No
Winston Smith,1974-04-04,United Kingdom,2,"Thoughtcrime; Sedition",Yes
Gregor Samsa,1983-07-03,Czech Republic,0,None,No
Daisy Buchanan,1992-05-10,United States,1,Hit and Run,No
Jay Gatsby,1980-09-01,United States,3,"Bootlegging; Securities Fraud",Yes
Sherlock Holmes,1964-01-06,United Kingdom,1,Illegal Substance Use,No
Irene Adler,1988-05-01,United States,2,Blackmail,No
James Moriarty,1966-11-12,Ireland,10,"Conspiracy; Murder-for-Hire",Yes
Dorian Gray,1968-07-20,United Kingdom,0,None,No
Jean Valjean,1965-02-14,France,1,Theft (Bread),No
Inspector Javert,1962-10-01,France,0,None,No
Fantine Thibault,1989-03-03,France,1,Solicitation,No
Cosette Fauchelevent,2001-12-25,France,0,None,No
Rodion Raskolnikov,1994-05-05,Russia,1,Homicide,Yes
Sonia Marmeladova,1996-11-11,Russia,1,Solicitation,No
Ivan Karamazov,1982-01-01,Russia,0,None,No
Alyosha Karamazov,1990-02-02,Russia,0,None,No
Anna Karenina,1985-03-18,Russia,1,Adultery (Historical/Civil),No
Count Vronsky,1980-04-12,Russia,0,None,No
Konstantin Levin,1987-08-08,Russia,0,None,No
Emma Bovary,1989-09-09,France,1,"Fraud; Debtor Conviction",No
Charles Bovary,1984-10-10,France,0,None,No
George Knightley,1975-01-01,United Kingdom,0,None,No
Emma Woodhouse,1996-02-02,United Kingdom,0,None,No
Elizabeth Bennet,1992-03-03,United Kingdom,0,None,No
Fitzwilliam Darcy,1988-04-04,United Kingdom,0,None,No
Jane Eyre,1985-05-05,United Kingdom,0,None,No
Edward Rochester,1978-06-06,United Kingdom,1,Bigamy (Attempted),No
Heathcliff Earnshaw,1974-07-07,United Kingdom,2,"Harassment; Land Grab",No
Catherine Earnshaw,1977-08-08,United Kingdom,0,None,No
Pip Pirrip,1991-09-09,United Kingdom,0,None,No
Estella Havisham,1993-10-10,United Kingdom,0,None,No
Humbert Humbert,1965-06-15,Switzerland,1,"Abduction; Lewd Acts",Yes
Lolita Haze,1998-01-01,United States,0,None,No
Clare Quilty,1970-05-12,United States,1,"Plagiarism; Extortion",No
Sal Paradise,1982-03-12,United States,2,"Vagrancy; Possession of Marijuana",No
Dean Moriarty,1980-02-28,United States,5,"Grand Theft Auto; Reckless Driving",Yes
Marylou Higgins,1985-04-10,United States,0,None,No
Old Bull Lee,1964-11-20,United States,1,Drug Paraphernalia,No
Camille Desmoulins,1988-03-02,France,2,"Inciting Riot; Sedition",No
Maximilien Robespierre,1975-05-06,France,3,"Capital Crimes; Tyranny",Yes
Georges Danton,1970-10-26,France,1,Financial Corruption,No
Charlotte Corday,1993-07-27,France,1,Assassination,Yes
Jean-Paul Marat,1963-05-24,Switzerland,1,Libel,No
Napoleon Bonaparte,1969-08-15,France,4,"War Crimes; Desertion",Yes
Josephine Beauharnais,1973-06-23,Martinique,0,None,No
Arthur Rimbaud,1974-10-20,France,1,Vagrancy,No
Paul Verlaine,1964-03-30,France,1,Attempted Murder,No
Oscar Wilde,1964-10-16,Ireland,1,Gross Indecency (Historical),No
Lord Alfred Douglas,1970-10-22,United Kingdom,0,None,No
Bram Stoker,1967-11-08,Ireland,0,None,No
Van Helsing,1960-04-04,Netherlands,1,Desecration of a Corpse,No
Mina Harker,1988-09-09,United Kingdom,0,None,No
Jonathan Harker,1985-11-11,United Kingdom,0,None,No
Thomas Renfield,1972-12-12,United Kingdom,2,"Trespassing; Cruelty to Animals",Yes
Lucy Westenra,1992-05-05,United Kingdom,0,None,No
John Seward,1975-01-01,United Kingdom,0,None,No
Quincey Morris,1980-07-04,United States,1,Illegal Firearm Possession,No
Arthur Holmwood,1978-02-02,United Kingdom,0,None,No
Wilkie Collins,1964-01-08,United Kingdom,0,None,No
Marian Halcombe,1982-05-05,United Kingdom,0,None,No
Laura Fairlie,1994-06-06,United Kingdom,0,None,No
Percival Glyde,1970-03-03,United Kingdom,2,"Forgery; Arson",Yes
Count Fosco,1965-04-04,Italy,1,Spionage,No
Anne Catherick,1989-10-10,United Kingdom,0,None,No
Walter Hartright,1990-11-11,United Kingdom,0,None,No
Gabriel Betteredge,1960-05-05,United Kingdom,0,None,No
Franklin Blake,1985-02-12,United Kingdom,0,None,No
Rachel Verinder,1995-03-13,United Kingdom,0,None,No
Godfrey Ablewhite,1980-04-14,United Kingdom,1,"Theft; Embezzlement",Yes
Sergeant Cuff,1968-06-16,United Kingdom,0,None,No
Ezra Jennings,1972-07-17,United Kingdom,1,Illegal Possession of Opium,No
Iago Villani,1984-08-18,Italy,2,"Slander; Accessory to Murder",Yes
Othello Moor,1975-09-19,Venice,1,Homicide,Yes
Desdemona Brabantio,1997-10-20,Italy,0,None,No
Michael Cassio,1988-11-21,Italy,1,Public Drunkenness,No
Roderigo Gullo,1990-12-22,Italy,0,None,No
Emilia Villani,1986-01-23,Italy,1,Theft,No
Prospero Milan,1965-02-24,Italy,1,Witchcraft (Historical),No
Miranda Milan,2004-03-25,Italy,0,None,No
Caliban Sycorax,1990-04-26,Island,1,Attempted Assault,No
Ariel Spirit,1995-05-27,Unknown,0,None,No
Ferdinand Naples,1998-06-28,Italy,0,None,No
Sycorax Witch,1962-07-29,Algeria,1,Occult Practices,No
Trinculo Jester,1985-08-30,Italy,1,Public Intoxication,No
Stephano Butler,1982-09-30,Italy,1,Public Intoxication,No
Syed Rahman,1992-04-14,Bangladesh,0,None,No
Isabella Garcia,1998-11-05,Mexico,1,Shoplifting,No
Hiroto Kobayashi,1987-03-22,Japan,0,None,No
Fatima Al-Zahra,1995-06-18,Morocco,0,None,No
Arnav Singh,1990-09-12,India,2,"Financial Fraud; Bribery",No
Luca Bianchi,1983-01-30,Italy,0,None,No
Sasha Volkov,1996-07-25,Russia,1,Vandalism,No
Chloe Dubois,1991-05-14,France,0,None,No
Mateo Rodriguez,1988-10-02,Spain,3,"DUI; Possession; Assault",Yes
Amara Okoro,1994-02-11,Nigeria,0,None,No
Lars Sorensen,1981-12-08,Denmark,1,Illegal Hunting,No
Yuki Tanaka,1997-04-05,Japan,0,None,No
Dmitri Sokolov,1979-08-21,Ukraine,4,"Extortion; Racketeering",Yes
Elena Popova,1993-03-17,Bulgaria,0,None,No
Jean-Pierre Lefebvre,1974-06-29,Canada,2,Tax Evasion,No
Mei-Ling Chen,1999-01-24,China,0,None,No
Klaus Meyer,1968-11-13,Germany,1,Environmental Violation,No
Sofia Moretti,1992-09-07,Italy,0,None,No
Aiden O'Sullivan,1995-12-01,Ireland,2,"Disturbing the Peace; Public Intoxication",No
Priya Sharma,1986-05-27,India,0,None,No
Santiago Castro,1989-07-14,Colombia,5,"Drug Trafficking; Money Laundering",Yes
Ingrid Lindstrom,1990-04-09,Sweden,0,None,No
Kwesi Appiah,1984-10-22,Ghana,1,Immigration Fraud,No
Valentina Silva,1996-08-03,Brazil,0,None,No
Anders Holm,1977-02-19,Norway,2,Arson,Yes
Nadia Petrova,1998-05-11,Russia,0,None,No
Liam Fitzgerald,2001-11-30,Australia,1,Reckless Driving,No
Zeynab Mansour,1993-01-15,Egypt,0,None,No
Hans Weber,1982-06-25,Austria,3,"Theft; Burglary",No
Ji-Ho Kim,1994-09-18,South Korea,0,None,No
Camila Ortega,1997-12-04,Chile,1,Protest Related Arrest,No
Erik Van Den Berg,1975-03-08,Netherlands,0,None,No
Sunita Devi,1980-08-12,Nepal,0,None,No
Igor Smirnov,1983-10-29,Russia,6,"Aggravated Assault; Armed Robbery",Yes
Olivia Thorne,1992-02-14,United Kingdom,0,None,No
Ravi Varma,1987-11-03,India,1,Counterfeiting,No
Beatriz Soares,1995-04-20,Portugal,0,None,No
Mikhail Petrov,1972-07-06,Kazakhstan,2,Illegal Mining,No
Aisha Khan,1991-09-27,Pakistan,0,None,No
Bruno Schmidt,1985-05-15,Germany,1,DUI,No
Yara Ben-Ami,1994-01-10,Israel,0,None,No
Lucas Ferreira,1996-10-22,Brazil,3,Armed Robbery,Yes
Svetlana Ivanova,1990-03-30,Russia,0,None,No
Mohamed Hassan,1988-12-12,Somalia,1,Human Smuggling,Yes
Keisha Williams,1993-08-05,Jamaica,0,None,No
Viktor Novak,1979-05-19,Czech Republic,2,Identity Theft,No
Amelie Roche,1998-02-28,France,0,None,No
Diego Morales,1994-07-14,Mexico,4,"Possession; Resisting Arrest",Yes
Hanna Jorgensen,1981-01-25,Norway,0,None,No
Saanvi Iyer,1995-06-02,India,1,Cyber Crime,No
Kenji Watanabe,1973-11-11,Japan,0,None,No
Rosa Diaz,1992-04-04,Argentina,2,"Assault; Vandalism",No
Lukas Müller,1986-09-15,Germany,0,None,No
Tariq Al-Fayed,1990-12-25,Saudi Arabia,1,Funding Prohibited Group,Yes
Elena Costa,1997-08-08,Portugal,0,None,No
Ivan Dragov,1984-03-12,Bulgaria,3,"Match Fixing; Gambling Fraud",No
Maya Angelou,1999-10-10,United States,0,None,No
Oleg Volkov,1978-05-30,Russia,7,"Murder; Organized Crime",Yes
Sonia Gupta,1994-02-14,India,0,None,No
Arthur Dent,1982-04-22,United Kingdom,1,Trespassing,No
Ford Prefect,1980-11-11,Betelgeuse,1,Vagrancy,No
Zaphod Beeblebrox,1975-01-01,Betelgeuse,2,Grand Theft Spaceship,Yes
Trillian McMillian,1991-05-05,United Kingdom,0,None,No
Marvin Robot,2000-01-01,Sirius Cybernetics,0,None,No
Deep Thought,1960-01-01,Deep Space,0,None,No
Slartibartfast Magrathea,1950-05-05,Norway,1,Illegal Coastal Construction,No
Paul Atreides,1999-12-12,Caladan,2,"Insurrection; Poisoning",Yes
Leto Atreides,1970-01-01,Caladan,1,Political Corruption,No
Jessica Atreides,1975-02-02,Caladan,1,Witchcraft (Bene Gesserit),No
Alia Atreides,2005-03-03,Arrakis,1,Religious Fanaticism,Yes
Duncan Idaho,1980-04-04,Giedi Prime,2,Military Desertion,No
Gurney Halleck,1972-05-05,Giedi Prime,1,Illegal Smuggling,No
Thufir Hawat,1965-06-06,Caladan,1,Espionage,No
Wellington Yueh,1968-07-07,Suk School,1,"Betrayal; Murder",Yes
Vladimir Harkonnen,1962-08-08,Giedi Prime,10,Crimes Against Humanity,Yes
Feyd-Rautha Harkonnen,1995-09-09,Giedi Prime,5,"Assault; Gladding",Yes
Glossu Rabban,1988-10-10,Giedi Prime,8,"Torture; War Crimes",Yes
Piter De Vries,1985-11-11,Tleilax,3,Chemical Poisoning,No
Stilgar Ben-Fidai,1974-12-12,Arrakis,1,Illegal Resource Harvesting,No
Chani Kynes,1998-01-01,Arrakis,0,None,No
Liet Kynes,1960-02-02,Arrakis,1,Treason,No
Shaddam Corrino,1955-03-03,Kaitain,1,Conspiracy,Yes
Irulan Corrino,1992-04-04,Kaitain,0,None,No
Hasimir Fenring,1966-05-05,Kaitain,1,Assassination,No
Scytale Tleilaxu,1980-06-06,Tleilax,2,Biological Warfare,Yes
Gaius Helen Mohiam,1950-07-07,Wallach IX,1,Kidnapping,No
Lanis Valen,1988-08-08,Trantor,0,None,No
Hari Seldon,1960-09-09,Helicon,1,"Sedition; Predictions",No
Gaal Dornick,1995-10-10,Synnax,0,None,No
Salvor Hardin,1985-11-11,Terminus,1,Smuggling,No
Hober Mallow,1982-12-12,Smyrno,2,"Tax Evasion; Piracy",No
Bayta Darell,1992-01-01,Foundation,0,None,No
Toran Darell,1990-02-02,Foundation,0,None,No
The Mule,1985-03-03,Gaia,3,"Psychic Manipulation; Conquest",Yes
Ebling Mis,1965-04-04,Foundation,0,None,No
Ender Wiggin,2000-03-20,United States,1,Aggravated Assault (Self-Defense Claim),No
Valentine Wiggin,1998-05-15,United States,0,None,No
Peter Wiggin,1995-10-12,United States,2,"Sedition; Cyber-Terrorism",Yes
Mazer Rackham,1960-01-01,New Zealand,1,Desertion,No
Petra Arkanian,2001-02-14,Armenia,0,None,No
Bean Delphiki,2005-08-08,Greece,1,"Illegal Entry; Identity Theft",No
Han Solo,1977-05-25,Corellia,4,"Smuggling; Evading Customs; Debt Default",Yes
Lando Calrissian,1975-06-12,Socorro,2,"Illegal Gambling; Grand Theft",No
Boba Fett,1980-01-10,Kamino,6,"Bounty Hunting without License; Kidnapping",Yes
Jabba Desilijic,1960-12-12,Nal Hutta,12,"Racketeering; Human Trafficking; Extortion",Yes
Greedo Tetsu,1992-04-19,Rodia,1,Attempted Murder,No
Rick Deckard,1982-11-11,United States,1,Unlawful Discharge of Firearm,No
Rachael Tyrell,1995-02-14,United States,0,None,No
Roy Batty,1984-01-01,Industrial Zone,3,"Murder; Conspiracy; Property Damage",Yes
Pris Stratton,1986-06-06,Industrial Zone,2,"Solicitation; Assault",No
J.F. Sebastian,1970-07-07,United States,0,None,No
Eldon Tyrell,1958-03-03,United States,1,"Ethical Violations; Corporate Fraud",No
Sarah Connor,1965-09-13,United States,2,"Arson; Assault on Law Enforcement",Yes
John Connor,1985-02-28,United States,1,"Hacking; Petty Theft",No
Kyle Reese,2002-08-08,United Kingdom,1,Trespassing,No
Miles Dyson,1972-11-20,United States,0,None,No
Model 101 T-800,1984-10-26,Cyberdyne,5,"Mass Homicide; Grand Theft Auto",Yes
Ellen Ripley,1979-06-22,United States,1,Destruction of Corporate Property,No
Science-Officer Ash,1980-01-01,Hyperdyne,1,Attempted Murder,No
Samuel Brett,1968-04-04,United States,0,None,No
Gilbert Kane,1975-03-03,United Kingdom,0,None,No
Joan Lambert,1982-02-02,Canada,0,None,No
Arthur Dallas,1970-12-12,United States,0,None,No
Parker J. Dennis,1974-05-05,United States,1,Insubordination,No
Carter Burke,1985-09-09,United States,2,"Corporate Espionage; Negligence",Yes
Dwayne Hicks,1983-08-08,United States,0,None,No
William Hudson,1986-07-07,United States,1,Disorderly Conduct,No
Jenette Vasquez,1988-06-06,United States,2,"Assault; Illegal Weapon Mod",No
Rebecca Newt Jorden,2005-01-01,LV-426,0,None,No
Michael Bishop,1960-10-10,United States,1,Bio-Ethics Violations,No
Alex Murphy,1980-04-17,United States,0,None,No
Anne Lewis,1985-03-03,United States,0,None,No
Clarence Boddicker,1972-01-01,United States,8,"Culpable Homicide; Drug Distribution",Yes
Dick Jones,1962-02-02,United States,1,Conspiracy to Murder,Yes
Bob Morton,1988-03-03,United States,0,None,No
Leon Nash,1978-04-04,United States,3,"Armed Robbery; Assault",No
Joe Cox,1980-05-05,United States,2,"Vandalism; Theft",No
Max Reed,1990-06-06,United States,1,Bribery,No
Nancy Allen,1992-07-07,United States,0,None,No
Emil Antonowsky,1975-08-08,United States,4,"Toxic Waste Dumping; Robbery",No
Ronny Cox,1964-09-09,United States,0,None,No
Miguel Sanchez,1994-11-11,Mexico,1,Illegal Street Racing,No
Arjun Mehra,1987-05-21,India,0,None,No
Fatima Zahra,1991-03-14,Morocco,0,None,No
Chen Guang,1983-09-30,China,2,"Copyright Infringement; IP Theft",No
Sergei Volkov,1976-12-05,Russia,3,"Smuggling; Money Laundering",Yes
Anja Nielsen,1995-02-18,Denmark,0,None,No
Kofi Boateng,1988-07-22,Ghana,1,Visa Overstay (Criminal),No
Lara Croft,1985-02-14,United Kingdom,2,"Trespassing; Theft of Antiquities",No
Nathan Drake,1982-05-10,United States,3,"Grand Larceny; Destruction of Heritage",Yes
Victor Sullivan,1965-01-01,United States,4,"Fraud; Illegal Gambling",No
Elena Fisher,1988-10-20,United States,0,None,No
Chloe Frazer,1990-03-15,Australia,2,"Theft; Reckless Endangerment",No
Samuel Drake,1978-11-11,United States,5,"Escape from Custody; Burglary",Yes
Harry Flynn,1984-06-06,United Kingdom,2,"Betrayal; Theft",No
Zoran Lazarevic,1970-01-01,Serbia,10,"War Crimes; Mass Murder",Yes
Atoq Navarro,1972-04-04,Peru,2,Illegal Arms Dealing,No
Rafe Adler,1985-08-08,United States,1,"Assault; Bribery",No
Nadine Ross,1989-09-09,South Africa,1,Unlicensed Mercenary Activity,No
Joel Miller,1980-09-26,United States,4,"Homicide; Smuggling",Yes
Ellie Williams,2004-07-07,United States,1,"Assault; Possession of Weapon",No
Tess Servopoulos,1982-05-05,United States,2,"Smuggling; Contraband",No
Tommy Miller,1984-03-03,United States,1,Culpable Homicide,No
Marlene Abbott,1978-02-02,United States,1,Insurrection,Yes
Bill Townie,1974-01-01,United States,1,Setting Illegal Traps,No
David Cannibal,1970-10-10,United States,3,"Kidnapping; Murder",Yes
Abby Anderson,1998-06-06,United States,2,Aggravated Assault,No
Lev Sky,2002-11-11,United States,0,None,No
Yara Sky,2000-12-12,United States,0,None,No
Owen Moore,1995-04-04,United States,1,Desertion,No
Melanie Wright,1994-05-05,United States,0,None,No
Arthur Morgan,1863-05-05,United States,15,"Armed Robbery; Train Robbery; Murder",Yes
John Marston,1873-06-06,United States,10,"Theft; Assault; Prison Break",Yes
Dutch Van Der Linde,1855-07-07,United States,20,"Conspiracy; Grand Larceny; Murder",Yes
Sadie Adler,1880-08-08,United States,3,"Assault; Bounty Hunting Violations",No
Micah Bell,1860-09-09,United States,12,"Murder; Rape; Betrayal",Yes
Charles Smith,1885-10-10,United States,2,Theft,No
Hosea Matthews,1844-11-11,United States,5,"Confidence Tricks; Forgery",No
Lenny Summers,1899-12-12,United States,1,Public Drunkenness,No
Abigail Marston,1877-01-01,United States,1,Theft,No
Jack Marston,1895-02-02,United States,1,Vengeance Homicide,Yes
Bill Williamson,1866-03-03,United States,6,"Aggravated Assault; Desertion",No
Javier Escuella,1870-04-04,Mexico,4,"Revolutionary Activities; Theft",Yes
Sean MacGuire,1890-05-05,Ireland,2,Arson,No
Tilly Jackson,1892-06-06,United States,1,Theft,No
Karen Jones,1888-07-07,United States,2,"Public Intoxication; Bank Robbery",No
Mary-Beth Gaskill,1894-08-08,United States,1,Pickpocketing,No
Leopold Strauss,1846-09-09,Austria,1,Predatory Lending,No
Simon Pearson,1862-10-10,United States,0,None,No
Uncle Sloth,1840-11-11,United States,1,Vagrancy,No
Susan Grimshaw,1858-12-12,United States,1,Accessory to Murder,No
Molly O'Shea,1885-01-01,Ireland,0,None,No
Josiah Trelawny,1870-02-02,United Kingdom,2,"Fraud; Illegal Street Performance",No
Kieran Duffy,1894-03-03,United States,1,Horse Theft,No
Edgar Ross,1860-04-04,United States,1,Official Misconduct,No
Andrew Milton,1865-05-05,United States,1,Extrajudicial Killing,No
Colm O'Driscoll,1850-06-06,Ireland,15,"Mass Murder; Kidnapping",Yes
Leviticus Cornwall,1840-07-07,United States,1,Monopoly Violations,No
Catherine Braithwaite,1845-08-08,United States,2,"Moonshining; Kidnapping",No
Angelo Bronte,1860-09-09,Italy,8,"Organized Crime; Bribery",Yes
Nigel West Dickens,1850-10-10,United States,3,Selling Fake Medicine,No
Seth Briars,1870-11-11,United States,1,Grave Robbing,No
Landon Ricketts,1855-12-12,United States,0,None,No
Abraham Reyes,1885-01-01,Mexico,2,Insurrection,No
Luisa Fortuna,1890-02-02,Mexico,1,Smuggling Weapons,No
Agustin Muller,1875-03-03,Germany,1,Treason,No
Vicente De Santa,1870-04-04,Mexico,2,War Crimes,No
Iris Jones,1995-05-05,United States,0,None,No
Kevin Flynn,1960-06-06,United States,1,Hacking,No
Sam Flynn,1990-07-07,United States,1,Base Jumping (Illegal),No
Quorra Program,1995-08-08,The Grid,0,None,No
C.L.U. 2.0,1985-09-09,The Grid,1,Genocide (Digital),Yes
Alan Bradley,1955-10-10,United States,0,None,No
Tron Security,1982-11-11,The Grid,0,None,No
Rinzler Fighter,1985-12-12,The Grid,2,Assault,No
Castor Zuse,1970-01-01,The Grid,1,Double Crossing,No
Edward Dillinger,1950-02-02,United States,1,"Plagiarism; Embezzlement",No
Sark Program,1982-03-03,The Grid,1,Kidnapping,No
Dumont Guardian,1955-04-04,The Grid,0,None,No
Yori Program,1982-05-05,The Grid,0,None,No
Ram Program,1983-06-06,The Grid,1,Theft of Cycles,No
Crom Program,1984-07-07,The Grid,0,None,No
Bit Binary,1985-08-08,The Grid,0,None,No
Jarvis Intelligencer,1990-09-09,The Grid,1,Espionage,No
Gem Siren,1992-10-10,The Grid,0,None,No
Bartleby Scrivener,1960-11-11,United States,1,Refusal to Move,No
Captain Ahab,1950-12-12,United States,1,Endangering Crew,No
Ishmael Narrator,1980-01-01,United States,0,None,No
Queequeg Kokovoko,1982-02-02,Pacific Island,0,None,No
First-Mate Starbuck,1975-03-03,United States,0,None,No
Cabin-Boy Pip,2000-04-04,United States,0,None,No
Tashtego Gay-Head,1985-05-05,United States,0,None,No
African Daggoo,1988-06-06,Africa,0,None,No
Parsi Fedallah,1970-07-07,India,1,Occult Practices,No
Moby Dick,0001-01-01,The Ocean,5,Destruction of Whaling Ships,Yes
Billy Budd,1995-08-08,United Kingdom,1,Accidental Homicide,No
John Claggart,1970-09-09,United Kingdom,1,False Accusation,No
Edward Vere,1965-10-10,United Kingdom,0,None,No
Benito Cereno,1975-11-11,Spain,1,Negligence,No
Babo Slave,1980-12-12,Senegal,1,Mutiny,Yes
Tyler Durden,1978-06-12,United States,4,"Arson; Vandalism; Conspiracy",Yes
Robert Paulson,1972-03-22,United States,1,Trespassing,No
Marla Singer,1984-11-02,United Kingdom,2,"Drug Possession; Fraud",No
Sebastian Jack,1980-05-05,United States,0,None,No
Patrick Wheeler,1992-07-14,Canada,1,Public Intoxication,No
Sarah Jenkins,1988-01-25,Australia,0,None,No
Mohammed Al-Farsi,1995-12-10,Oman,0,None,No
Linh Pham,1999-03-30,Vietnam,1,Selling Without License,No
Diego Montoya,1975-08-18,Spain,2,"Assault; Resisting Arrest",No
Inigo Montoya,1965-02-11,Spain,1,Breaking and Entering,No
Westley Farmboy,1987-04-05,Florin,3,"Piracy; Illegal Entry",Yes
Buttercup Princess,1990-09-09,Florin,0,None,No
Vizzini Sicilian,1962-10-10,Italy,2,"Kidnapping; Conspiracy",Yes
Fezzik Giant,1960-01-01,France,1,Unlicensed Prize Fighting,No
Humperdinck Prince,1968-07-07,Florin,1,Conspiracy to Murder,Yes
Tyrone Rugen,1963-06-06,Florin,1,Torture,No
Max Miracle,1940-12-12,United States,1,Practicing Medicine without License,No
Valerie Miracle,1945-11-11,United States,0,None,No
Kevin McCallister,1982-08-26,United States,1,Endangerment (Self-Defense),No
Harry Lime,1960-10-14,United States,15,"Burglary; Grand Larceny; Prison Break",Yes
Marv Merchants,1962-05-09,United States,12,"Burglary; Vandalism",Yes
Old Man Marley,1940-01-01,United States,0,None,No
Gus Polinski,1965-03-03,United States,1,Noise Complaint,No
Peter McCallister,1955-02-02,United States,1,Child Neglect (Dismissed),No
Kate McCallister,1957-03-03,United States,1,Child Neglect (Dismissed),No
Buzz McCallister,1978-04-04,United States,2,"Petty Theft; Harassment",No
Uncle Frank,1950-05-05,United States,1,Tax Evasion,No
Fuller McCallister,1985-06-06,United States,0,None,No
Linus Torvalds,1969-12-28,Finland,0,None,No
Steve Rogers,1918-07-04,United States,1,Identity Fraud (Historical),No
Bucky Barnes,1917-03-10,United States,5,"Assassination (Coerced); Treason",Yes
Sam Wilson,1978-01-01,United States,0,None,No
Natasha Romanoff,1984-11-22,Russia,8,"Espionage; Murder; Theft",Yes
Clint Barton,1971-01-07,United States,1,Vigilantism,No
Bruce Banner,1969-12-18,United States,3,"Mass Property Damage; Assault",Yes
Tony Stark,1970-05-29,United States,2,"Illegal Arms Sales; Contempt of Congress",No
Wanda Maximoff,1989-02-10,Sokovia,3,"Terrorism; Kidnapping",Yes
Pietro Maximoff,1989-02-10,Sokovia,2,"Theft; Riot",No
Vision Android,2015-05-05,South Korea,0,None,No
Thor Odinson,1964-08-11,Norway,1,Property Damage,No
Loki Laufeyson,1964-08-11,Norway,12,"Treason; Fraud; Mass Murder",Yes
Hela Odinsdottir,1960-01-01,Norway,20,Genocide,Yes
Odin Borson,1940-01-01,Norway,1,Imperialism,No
Frigga Freyr,1945-02-02,Norway,0,None,No
Sif Warrior,1980-03-03,Norway,1,Assault,No
Heimdall Watcher,1975-04-04,Norway,1,Aiding and Abetting,No
Valkyrie Scrapper,1985-05-05,Norway,1,Public Intoxication,No
Korg Stone,1990-06-06,Sakaar,1,Failed Revolution,No
Miek Bug,2000-07-07,Sakaar,0,None,No
Grandmaster Goldblum,1952-10-22,United States,1,Human Trafficking,No
T'Challa Udaku,1980-01-01,Wakanda,0,None,No
Shuri Udaku,1998-02-02,Wakanda,1,Hacking,No
Okoye Dora,1985-03-03,Wakanda,0,None,No
Nakia River,1988-04-04,Wakanda,1,Espionage,No
Erik Killmonger,1982-05-05,United States,6,"Homicide; Sedition; Grand Larceny",Yes
M'Baku Jabari,1980-06-06,Wakanda,1,Assault,No
Zuri Elder,1955-07-07,Wakanda,0,None,No
Ramonda Queen,1960-08-08,Wakanda,0,None,No
Everett Ross,1970-09-09,United States,1,Obstruction of Justice,No
Ulysses Klaue,1965-10-10,South Africa,15,"Theft of Vibranium; Murder",Yes
Stephen Strange,1976-11-11,United States,1,Medical Malpractice (Alleged),No
Wong Librarian,1970-12-12,China,0,None,No
Christine Palmer,1980-01-01,United States,0,None,No
Karl Mordo,1978-02-02,United Kingdom,1,Assault,No
Ancient One,1940-03-03,Nepal,1,Tax Evasion (500 years),No
Kaecilius Zealot,1972-04-04,Denmark,3,"Murder; Arson",Yes
Peter Parker,2001-08-10,United States,1,Vigilantism,No
Mary Jane Watson,2001-09-09,United States,0,None,No
Harry Osborn,2001-10-10,United States,2,"Drug Possession; Assault",No
Norman Osborn,1965-11-11,United States,4,"Murder; Corporate Fraud; Terrorism",Yes
Otto Octavius,1960-12-12,Germany,3,"Grand Larceny; Assault",Yes
Flint Marko,1975-01-01,United States,5,"Escaped Convict; Robbery",Yes
Eddie Brock,1985-02-02,United States,1,Libel,No
Cletus Kasady,1970-03-03,United States,20,Serial Murder,Yes
May Parker,1950-04-04,United States,0,None,No
Ben Parker,1948-05-05,United States,0,None,No
J. Jonah Jameson,1955-06-06,United States,1,Harassment,No
Gwen Stacy,2002-07-07,United States,0,None,No
George Stacy,1962-08-08,United States,0,None,No
Miles Morales,2005-09-09,United States,1,Graffiti,No
Rio Morales,1975-10-10,Puerto Rico,0,None,No
Jefferson Davis,1972-11-11,United States,0,None,No
Aaron Davis,1980-12-12,United States,4,"Burglary; Grand Larceny",Yes
Wilson Fisk,1968-01-01,United States,12,"Racketeering; Murder; Bribery",Yes
Vanessa Fisk,1972-02-02,Switzerland,1,Money Laundering,No
James Wesley,1975-03-03,United States,2,"Conspiracy; Accessory to Murder",No
Leland Owlsley,1958-04-04,United States,1,Embezzlement,No
Karen Page,1990-05-05,United States,1,Homicide (Self-Defense),No
Foggy Nelson,1988-06-06,United States,0,None,No
Matt Murdock,1985-07-07,United States,1,Vigilantism,No
Frank Castle,1980-08-08,United States,25,"Mass Homicide; Terrorism",Yes
Elektra Natchios,1988-09-09,Greece,5,Murder-for-Hire,Yes
Stick Mentor,1940-10-10,United States,1,Assault,No
Claire Temple,1982-11-11,United States,0,None,No
Luke Cage,1978-12-12,United States,2,"Prison Break; Assault",No
Jessica Jones,1985-01-01,United States,3,"Public Intoxication; Assault",No
Danny Rand,1990-02-02,United States,1,Trespassing,No
Colleen Wing,1992-03-03,Japan,1,Unlicensed Fight Club,No
Misty Knight,1988-04-04,United States,0,None,No
Trish Walker,1985-05-05,United States,2,"Assault; Drug Use",No
Jeri Hogarth,1970-06-06,United States,1,Ethics Violation,No
Kilgrave Thompson,1980-07-07,United Kingdom,10,"Kidnapping; Rape; Murder",Yes
Will Simpson,1982-08-08,United States,2,Assault,No
Hope Van Dyne,1985-09-09,United States,1,Corporate Espionage,No
Scott Lang,1982-10-10,United States,3,"Burglary; Grand Larceny",No
Hank Pym,1950-11-11,United States,1,Assault,No
Janet Van Dyne,1952-12-12,United States,0,None,No
Luis Rodriguez,1984-01-01,Mexico,2,Grand Theft Auto,No
Kurt Hacker,1986-02-02,Poland,1,Cyber Crime,No
Dave Driver,1988-03-03,United States,1,Theft,No
Jim Paxton,1975-04-04,United States,0,None,No
Maggie Lang,1982-05-05,United States,0,None,No
Cassie Lang,2005-06-06,United States,1,Protest Related Arrest,No
Darren Cross,1978-07-07,United States,1,Attempted Murder,No
Bill Foster,1955-08-08,United States,0,None,No
Ava Starr,1995-09-09,Argentina,2,"Theft; Assault",No
Sonny Burch,1975-10-10,United States,3,Smuggling,Yes
Carol Danvers,1980-11-11,United States,1,Military Insubordination,No
Nick Fury,1955-12-12,United States,1,Espionage (Illegal),No
Maria Rambeau,1980-01-01,United States,0,None,No
Monica Rambeau,1995-02-02,United States,0,None,No
Talos Skrull,1960-03-03,Unknown,1,Identity Fraud,No
Soren Skrull,1965-04-04,Unknown,1,Identity Fraud,No
Yon-Rogg Kree,1970-05-05,Unknown,2,War Crimes,Yes
Mar-Vell Wendy,1950-06-06,Unknown,1,Treason,No
Peter Quill,1980-07-07,United States,4,"Theft; Piracy; Escaping Custody",Yes
Gamora Zen-Whoberi,1985-08-08,Zen-Whoberi,10,"Murder; Terrorism",Yes
Drax Destroyer,1975-09-09,Kylos,5,Mass Assault,No
Rocket Raccoon,2010-10-10,Halfworld,15,"Grand Theft; Prison Break; Arson",Yes
Groot Flora,2014-11-11,Planet X,2,Assault,No
Nebula Luphomoid,1988-12-12,Luphomoid,8,"Attempted Fratricide; Terrorism",Yes
Mantis Empath,1995-01-01,Unknown,0,None,No
Yondu Udonta,1965-02-02,Centauri IV,12,"Kidnapping; Piracy; Smuggling",Yes
Kraglin Obfonteri,1980-03-03,Unknown,2,Piracy,No
Ego Living-Planet,1900-01-01,Deep Space,1,Mass Homicide,Yes
Ayesha Sovereign,1990-04-04,Sovereign,1,Theft,No
Adam Warlock,2023-05-05,Sovereign,1,Assault,No
Taserface Ravager,1982-06-06,Unknown,2,Mutiny,No
Stakar Ogord,1955-07-07,Unknown,1,Piracy,No
Howard Duck,1985-08-08,Duckworld,1,Public Nuisance,No
Cosmo Dog,1955-09-09,Russia,0,None,No
Malekith Dark-Elf,1000-10-10,Svartalfheim,1,Attempted Genocide,Yes
Algrim Kurse,1970-11-11,Svartalfheim,2,Assault,No
Bor Burison,0500-12-12,Norway,1,Imperialism,No
Surtur Fire-Giant,0001-01-01,Muspelheim,1,Arson,Yes
Fenris Wolf,2017-01-01,Norway,1,Assault,No
Hassan El-Sayed,1982-04-12,Egypt,1,Customs Violation,No
Fatima Mansour,1995-11-20,Jordan,0,None,No
Lukas Fischer,1988-03-05,Germany,2,"Public Nuisance; Vandalism",No
Anika Sorenson,1991-07-14,Norway,0,None,No
Chen Xiu,1980-12-01,China,1,Tax Evasion,No
Mateo Juarez,1994-05-25,Mexico,3,"Possession; Resisting Arrest; Assault",Yes
Aarav Gupta,1987-09-18,India,0,None,No
Isabella Rossi,1992-02-14,Italy,1,Shoplifting,No
Kofi Adomah,1985-06-30,Ghana,2,"Forgery; Identity Theft",Yes
Yuki Sato,1998-10-10,Japan,0,None,No
Dmitri Volkov,1979-01-15,Russia,5,"Extortion; Racketeering; Grand Larceny",Yes
Elena Petrov,1993-08-22,Bulgaria,1,Visa Fraud,No
Liam Gallagher,1972-09-21,United Kingdom,2,"Public Intoxication; Affray",No
Siobhan O'Neill,1990-03-30,Ireland,0,None,No
Rafael Silva,1984-11-11,Brazil,4,"Drug Trafficking; Money Laundering",Yes
Valentina Costa,1996-05-04,Portugal,0,None,No
Hans Weber,1975-07-20,Austria,1,Insurance Fraud,No
Sofia Moretti,1989-12-12,Italy,0,None,No
Anders Lind,1981-04-09,Sweden,2,Illegal Hunting,No
Nadia Ivanova,1995-06-17,Ukraine,0,None,No
Santiago Morales,1997-10-02,Colombia,3,"Armed Robbery; Assault",Yes
Amara Okafor,1988-02-11,Nigeria,0,None,No
Kenji Tanaka,1974-12-25,Japan,1,Insider Trading,No
Lars Nielsen,1982-03-19,Denmark,2,"Arson; Criminal Mischief",No
Mei Ling,1991-01-30,Taiwan,0,None,No
Igor Smirnov,1983-05-15,Russia,6,"Kidnapping; Weapons Possession",Yes
Chloe Lefebvre,1994-09-07,France,0,None,No
Arjun Mehra,1980-08-21,India,1,Cyber Crime,No
Beatriz Soares,1992-11-03,Portugal,0,None,No
Mikhail Petrov,1978-06-10,Kazakhstan,2,Illegal Mining,No
Aisha Khan,1995-04-20,Pakistan,0,None,No
Bruno Schmidt,1986-07-14,Germany,1,DUI,No
Yara Ben-Ami,1993-12-04,Israel,0,None,No
Lucas Ferreira,1990-02-28,Brazil,3,Grand Theft Auto,Yes
Svetlana Petrova,1994-01-10,Russia,0,None,No
Mohamed Hassan,1981-10-22,Somalia,2,Human Smuggling,Yes
Keisha Williams,1996-03-12,Jamaica,1,Possession of Controlled Substance,No
Viktor Novak,1975-05-19,Czech Republic,0,None,No
Amelie Roche,1998-08-05,France,1,Disturbing the Peace,No
Diego Morales,1991-09-27,Mexico,4,Aggravated Assault,Yes
Hanna Jorgensen,1984-06-25,Norway,0,None,No
Saanvi Iyer,1997-12-18,India,1,Fraud,No
Kenji Watanabe,1970-11-11,Japan,0,None,No
Rosa Diaz,1989-04-04,Argentina,2,Vandalism,No
Lukas Müller,1982-09-15,Germany,0,None,No
Tariq Al-Fayed,1995-12-25,Saudi Arabia,1,Terrorism Financing (Alleged),Yes
Elena Costa,1998-08-08,Portugal,0,None,No
Ivan Dragov,1980-03-12,Bulgaria,3,Match Fixing,No
Maya Singh,1994-02-14,India,0,None,No
Oleg Volkov,1976-05-30,Russia,7,"Homicide; Organized Crime",Yes
Sonia Gupta,1991-02-14,India,0,None,No
Arthur Bishop,1972-04-22,United States,1,Contract Killing (Suspected),Yes
Faye Valentine,1994-11-11,Singapore,2,"Illegal Gambling; Debt Default",No
Jet Black,1968-01-01,United States,0,None,No
Spike Spiegel,1985-05-05,Mars,5,"Assault; Evading Arrest; Theft",Yes
Edward Wong,2005-01-01,Earth,1,Hacking,No
Ein Corgi,2020-01-01,Lab,0,None,No
Vicious Elder,1975-02-02,Mars,8,"Murder; Treason",Yes
Julia Rose,1988-03-03,United Kingdom,1,Theft,No
Lin Delphiki,2000-04-04,China,0,None,No
Shin Barker,1990-05-05,United States,1,Assault,No
Grencia Mars,1970-06-06,Callisto,1,Illegal Possession of Explosives,No
Vincent Volaju,1972-07-07,United States,2,Terrorism,Yes
Elektra Ovirowa,1985-08-08,Russia,1,Espionage,No
Spike Siegel,1992-09-09,Germany,0,None,No
Melfina Android,2000-10-10,Unknown,0,None,No
Gene Starwind,1980-11-11,United States,2,"Property Damage; Debt",No
Jim Hawking,1995-12-12,United Kingdom,1,Hacking,No
Aisha Clan-Clan,1998-01-01,Ctarl-Ctarl,1,Destruction of Public Property,No
Suzuka Assassin,1982-02-02,Japan,3,Assassination Attempt,Yes
Ronald McDonald,1963-03-03,United States,1,Public Nuisance,No
Pennywise It,1950-04-04,United States,20,"Serial Murder; Kidnapping",Yes
Georgie Denbrough,2005-05-05,United States,0,None,No
Bill Denbrough,1980-06-06,United States,0,None,No
Beverly Marsh,1980-07-07,United States,0,None,No
Richie Tozier,1980-08-08,United States,1,Disorderly Conduct,No
Eddie Kaspbrak,1980-09-09,United States,0,None,No
Stan Uris,1980-10-10,United States,0,None,No
Mike Hanlon,1980-11-11,United States,0,None,No
Henry Bowers,1975-12-12,United States,5,"Assault; Animal Cruelty; Murder",Yes
Belch Huggins,1976-01-01,United States,2,Assault,No
Victor Criss,1976-02-02,United States,2,Trespassing,No
Patrick Hockstetter,1976-03-03,United States,3,"Animal Cruelty; Arson",No
Carrie White,1990-04-04,United States,1,Arson,No
Margaret White,1950-05-05,United States,1,Child Abuse,No
Sue Snell,1990-06-06,United States,0,None,No
Chris Hargensen,1990-07-07,United States,2,"Harassment; Vandalism",No
Billy Nolan,1988-08-08,United States,3,"Animal Cruelty; Reckless Driving",No
Paul Sheldon,1965-09-09,United States,0,None,No
Annie Wilkes,1960-10-10,United States,12,"Kidnapping; Homicide; Medical Malpractice",Yes
Jack Torrance,1960-11-11,United States,1,Assault,No
Wendy Torrance,1965-12-12,United States,0,None,No
Danny Torrance,1975-01-01,United States,1,Public Intoxication (Later Life),No
Dick Hallorann,1940-02-02,United States,0,None,No
Delbert Grady,1930-03-03,United Kingdom,1,Triple Homicide,No
Lloyd Bartender,1950-04-04,United States,1,Illegal Liquor Sales,No
John Coffey,1960-05-05,United States,1,Murder (Wrongful Conviction),No
Paul Edgecomb,1965-06-06,United States,0,None,No
Brutus Howell,1960-07-07,United States,0,None,No
Percy Wetmore,1975-08-08,United States,1,"Official Misconduct; Assault",No
William Wharton,1972-09-09,United States,6,"Triple Murder; Assault",Yes
Eduard Delacroix,1968-10-10,France,1,"Arson; Homicide",No
Arlen Bitterbuck,1962-11-11,United States,1,Homicide,No
Melinda Moores,1965-12-12,United States,0,None,No
Hal Moores,1960-01-01,United States,0,None,No
Andy Dufresne,1960-02-02,United States,1,Murder (Wrongful Conviction),No
Ellis Boyd Redding,1955-03-03,United States,1,Murder,No
Samuel Norton,1950-04-04,United States,1,"Money Laundering; Extortion",Yes
Byron Hadley,1958-05-05,United States,2,"Assault; Tax Evasion",No
Brooks Hatlen,1920-06-06,United States,1,Murder,No
Boggs Diamond,1965-07-07,United States,3,"Sexual Assault; Assault",No
Tommy Williams,1975-08-08,United States,2,"Grand Larceny; Burglary",No
Bogs Diamond,1960-09-09,United States,1,Assault,No
Roland Deschain,1960-10-10,Mid-World,1,Illegal Use of Firearm,No
Randall Flagg,0001-01-01,Unknown,50,"Treason; Murder; Arson; Conspiracy",Yes
Mother Abagail,1920-11-11,United States,0,None,No
Stu Redman,1980-12-12,United States,1,Resisting Arrest,No
Frannie Goldsmith,1995-01-01,United States,0,None,No
Larry Underwood,1985-02-02,United States,1,Drug Possession,No
Nick Andros,1990-03-03,United States,0,None,No
Tom Cullen,1975-04-04,United States,0,None,No
Lloyd Henreid,1982-05-05,United States,4,"Armed Robbery; Murder",Yes
Trashcan Man,1988-06-06,United States,10,"Arson; Possession of Explosives",Yes
Harold Lauder,1995-07-07,United States,1,Conspiracy to Commit Murder,No
Nadine Cross,1985-08-08,United States,1,Accessory to Murder,No
Glen Bateman,1960-09-09,United States,1,Vagrancy,No
Ralph Brentner,1970-10-10,United States,1,DUI,No
Donald Merwin Elbert,1980-11-11,United States,2,Arson,No
Julie Lawry,1992-12-12,United States,1,Assault,No
Barry Derts,1985-01-01,United States,1,Public Indoxication,No
Whitney Ellsworth,1975-02-02,United States,0,None,No
Al Swearengen,1950-03-03,United Kingdom,12,"Murder; Pimping; Bribery",Yes
Seth Bullock,1960-04-04,Canada,0,None,No
Sol Star,1962-05-05,Austria,0,None,No
Alma Garret,1975-06-06,United States,1,Drug Possession (Laudanum),No
Trixie Star,1985-07-07,United States,1,Solicitation,No
Doc Cochran,1945-08-08,United States,0,None,No
Calamity Jane,1852-05-01,United States,2,"Public Intoxication; Disorderly Conduct",No
Wild Bill Hickok,1837-05-27,United States,1,Illegal Gambling,No
Charlie Utter,1840-09-09,United States,0,None,No
Cy Tolliver,1955-10-10,United States,5,"Assault; Racketeering",No
Joanie Stubbs,1970-11-11,United Kingdom,1,Solicitation,No
E.B. Farnum,1950-12-12,United States,1,Fraud,No
Francis Wolcott,1960-01-01,United States,3,Triple Murder,No
George Hearst,1940-02-02,United States,1,Corporate Bribery,No
Dan Dority,1970-03-03,United States,2,"Assault; Homicide",No
Johnny Burns,1972-04-04,United States,1,Accessory to Murder,No
Silas Adams,1975-05-05,United States,1,Theft,No
Wyatt Earp,1848-03-19,United States,1,Horse Theft (Historical),No
Morgan Earp,1851-04-24,United States,0,None,No
Virgil Earp,1843-07-18,United States,0,None,No
Doc Holliday,1851-08-14,United States,2,"Illegal Gambling; Assault",No
Big Nose Kate,1850-11-07,Hungary,1,Arson,No
Ike Clanton,1847-01-01,United States,3,"Cattle Rustling; Murder",Yes
Billy Claiborne,1860-02-02,United States,1,Public Drunkenness,No
Frank McLaury,1848-03-03,United States,2,"Theft; Resisting Arrest",No
Tom McLaury,1853-04-04,United States,1,Cattle Rustling,No
Johnny Ringo,1850-05-03,United States,4,"Stagecoach Robbery; Homicide",Yes
Curly Bill Brocius,1845-06-06,United States,5,"Tax Evasion; Murder; Theft",No
Jesse James,1847-09-05,United States,12,"Bank Robbery; Train Robbery; Murder",Yes
Frank James,1843-01-10,United States,8,"Armed Robbery; Conspiracy",No
Cole Younger,1844-01-15,United States,6,"Robbery; Assault",No
Jim Younger,1848-02-12,United States,4,Grand Larceny,No
Bob Younger,1853-10-29,United States,4,Robbery,No
Belle Starr,1848-02-05,United States,2,Horse Theft,No
Sam Starr,1859-11-11,United States,3,Bootlegging,No
Billy the Kid,1859-11-23,United States,10,"Murder; Prison Break; Cattle Theft",Yes
Pat Garrett,1850-06-05,United States,0,None,No
Butch Cassidy,1866-04-13,United States,15,"Train Robbery; Grand Larceny",Yes
Sundance Kid,1867-02-14,United States,12,"Armed Robbery; Assault",Yes
Etta Place,1878-05-05,United States,1,Accessory to Robbery,No
Zheng He,1982-05-20,China,0,None,No
Aarav Malhotra,1994-03-12,India,1,Speeding (Criminal),No
Saanvi Kulkarni,1997-07-22,India,0,None,No
Kwame Nkrumah,1988-10-10,Ghana,1,Sedition,No
Amara Diop,1992-04-15,Senegal,0,None,No
Lukas Neumann,1985-06-08,Germany,1,DUI,No
Ingrid Bergman,1970-08-29,Sweden,0,None,No
Soren Kierkegaard,1980-05-05,Denmark,1,Public Nuisance,No
Sofia Lindholm,1996-12-12,Sweden,0,None,No
Bjorn Borg,1975-06-06,Sweden,1,Tax Evasion,No
Maja Nilsson,1993-02-02,Sweden,0,None,No
Arvid Stjernquist,1988-11-11,Sweden,2,Vandalism,No
Yuki Matsui,1995-03-30,Japan,0,None,No
Kenji Fujimoto,1974-05-15,Japan,1,Bribery,No
Akiko Tanaka,1982-07-07,Japan,0,None,No
Hiroshi Yamamoto,1968-09-12,Japan,2,Illegal Gambling,No
Mateo Fernandez,1991-04-18,Mexico,1,Shoplifting,No
Isabella Gomez,1998-05-05,Mexico,0,None,No
Carlos Santana,1977-07-20,Mexico,1,Public Intoxication,No
Elena Rodriguez,1985-11-30,Mexico,2,Drug Possession,No
Dmitri Sokolov,1982-03-14,Russia,4,"Fraud; Money Laundering",Yes
Svetlana Petrova,1990-12-10,Russia,0,None,No
Ivan Chenkov,1978-06-06,Russia,3,Extortion,No
Natalia Romanova,1994-01-01,Russia,1,Espionage,Yes
Boris Grishenko,1985-02-02,Russia,2,Hacking,No
Xenia Onatopp,1988-03-03,Russia,5,"Murder; Assault",Yes
Alec Trevelyan,1970-04-04,United Kingdom,3,Treason,Yes
James Bond,1968-11-11,United Kingdom,1,Reckless Driving,No
Eve Moneypenny,1985-05-05,United Kingdom,0,None,No
Bill Tanner,1972-06-06,United Kingdom,0,None,No
Felix Leiter,1970-07-07,United States,1,Obstruction of Justice,No
Le Chiffre,1975-08-08,France,4,"Terrorism Financing; Fraud",Yes
Vesper Lynd,1988-09-09,United Kingdom,1,Embezzlement,No
Auric Goldfinger,1960-10-10,United Kingdom,6,"Gold Smuggling; Racketeering",Yes
Lee Oddjob,1970-11-11,South Korea,3,"Assault; Homicide",No
Ernst Stavro Blofeld,1962-12-12,Poland,20,"Conspiracy; Mass Homicide; Terrorism",Yes
Rosa Klebb,1955-01-01,Russia,2,Assassination Attempt,No
Francisco Scaramanga,1965-02-02,Spain,10,Murder-for-Hire,Yes
Nick Nack,1980-03-03,Philippines,1,Accessory to Murder,No
Kiel Jaws,1972-04-04,Poland,5,"Aggravated Assault; Destruction of Property",No
Hugo Drax,1968-05-05,France,2,Genocide (Attempted),Yes
Raoul Silva,1975-06-06,Portugal,3,Cyber Terrorism,Yes
Max Zorin,1982-07-07,Germany,2,"Industrial Sabotage; Murder",No
Dominic Greene,1980-08-08,France,1,Environmental Crimes,No
Lyutsifer Safin,1985-09-09,Russia,4,Bio-Terrorism,Yes
Nomi Double-O,1995-10-10,United Kingdom,0,None,No
Paloma Agent,1997-11-11,Cuba,1,Assault,No
Honey Rider,1988-12-12,Jamaica,1,Trespassing,No
Pussy Galore,1982-01-01,United States,2,"Theft; Conspiracy",No
Tiffany Case,1985-02-02,United States,2,Diamond Smuggling,No
Solitaire Kananga,1990-03-03,Unknown,0,None,No
Anya Amasova,1988-04-04,Russia,1,Espionage,No
Holly Goodhead,1985-05-05,United States,0,None,No
Melina Havelock,1992-06-06,Greece,1,Homicide (Vengeance),No
Smiit Octopussy,1980-07-07,India,3,Smuggling,No
May Day,1985-08-08,Jamaica,4,"Murder; Assault",No
Kara Milovy,1992-09-09,Czech Republic,1,Accessory to Fraud,No
Pam Bouvier,1990-10-10,United States,1,Unlicensed Piloting,No
Natalya Simonova,1994-11-11,Russia,0,None,No
Wai Lin,1990-12-12,China,1,Espionage,No
Christmas Jones,1995-01-01,United States,0,None,No
Giacinta Jinx Johnson,1982-02-02,United States,1,Assault,No
Madeleine Swann,1990-03-03,France,0,None,No
Camille Montes,1992-04-04,Bolivia,1,Attempted Murder,No
Severine Macau,1988-05-05,Macau,1,Solicitation (Forced),No
Lupe Lamora,1990-06-06,Mexico,0,None,No
Tatiana Romanova,1985-07-07,Russia,1,Defection,No
Fiona Volpe,1982-08-08,Italy,2,Murder,Yes
Helga Brandt,1985-09-09,Germany,1,Assault,No
Miranda Frost,1988-10-10,United Kingdom,1,Treason,Yes
Strawberry Fields,1990-11-11,United Kingdom,0,None,No
Sévérine Perrot,1992-12-12,France,0,None,No
Lucia Sciarra,1975-01-01,Italy,1,Accessory to Crime,No
John Wick,1980-09-02,Belarus,15,"Mass Homicide; Assault",Yes
Winston Scott,1965-03-12,United Kingdom,1,Accessory to Murder,No
Charon Concierge,1972-04-14,United States,0,None,No
Santino D'Antonio,1982-05-15,Italy,5,"Conspiracy; Murder",Yes
Ares Mute,1990-06-06,Italy,3,Assault,No
Cassian Guard,1985-07-07,United States,2,Assault,No
Zero Shinobi,1980-08-08,Japan,4,Murder,No
The Adjudicator,1982-09-09,Unknown,0,None,No
The Bowery King,1970-10-10,United States,3,Illegal Intelligence Gathering,No
Tick Tock Man,1988-11-11,United States,1,Theft,No
Sophia Al-Azwar,1985-12-12,Morocco,2,Assault,No
Berrada Mint,1970-01-01,Morocco,1,Animal Cruelty,No
Caine Blind,1975-02-02,China,6,Assassination,No
Koji Shimazu,1972-03-03,Japan,1,Accessory to Murder,No
Akira Shimazu,2000-04-04,Japan,0,None,No
The Marquis de Gramont,1990-05-05,France,2,"Conspiracy; Murder",Yes
Chidi Assassin,1988-06-06,Nigeria,3,Assault,No
Killa Harkan,1982-07-07,Germany,2,"Illegal Gambling; Fraud",No
Tracker Nobody,1995-08-08,United States,1,Bounty Hunting Without License,No
Marcus Aurelius,1960-09-09,Italy,0,None,No
Maximus Decimus Meridius,1970-10-10,Spain,1,Desertion,No
Commodus Caesar,1980-11-11,Italy,1,"Fratricide; Tyranny",Yes
Lucilla Caesar,1982-12-12,Italy,1,Conspiracy,No
Proximo Lanista,1960-01-01,Morocco,1,Human Trafficking,No
Juba Numidian,1975-02-02,Numidia,0,None,No
Gracchus Senator,1965-03-03,Italy,1,Sedition,No
Falco Praetorian,1972-04-04,Italy,1,Assault,No
Tigris of Gaul,1970-05-05,France,1,Attempted Murder,No
William Wallace,1970-06-06,Scotland,2,"Treason; Insurrection",Yes
Robert the Bruce,1975-07-07,Scotland,1,Murder in a Cathedral,No
Isabella of France,1985-08-08,France,1,Conspiracy,No
Edward Longshanks,1940-09-09,United Kingdom,1,War Crimes,No
Murron MacClannough,1988-10-10,Scotland,0,None,No
Hamish Campbell,1985-11-11,Scotland,1,Riot,No
Stephen of Ireland,1982-12-12,Ireland,1,Public Insanity,No
Braveheart Alias,1990-01-01,Scotland,1,Sedition,No
Max Rockatansky,1980-05-15,Australia,2,"Reckless Driving; Grand Theft Auto",No
Imperator Furiosa,1992-06-06,Australia,3,"Theft; Desertion",No
Immortan Joe,1960-07-07,Australia,10,Crimes Against Humanity,Yes
Nux Warboy,2002-08-08,Australia,1,Vandalism,No
Rictus Erectus,1988-09-09,Australia,2,Assault,No
The People Eater,1970-10-10,Australia,1,Embezzlement,No
The Bullet Farmer,1972-11-11,Australia,2,Illegal Arms Dealing,No
Doof Warrior,2000-12-12,Australia,1,Noise Complaint,No
Toast the Knowing,2001-01-01,Australia,0,None,No
Capable Wife,2002-02-02,Australia,0,None,No
The Dag Wife,2003-03-03,Australia,0,None,No
Cheedo the Fragile,2004-04-04,Australia,0,None,No
Splendid Angharad,1998-05-05,Australia,0,None,No
Miss Giddy,1950-06-06,Australia,1,Aiding and Abetting,No
Slit Warboy,2001-07-07,Australia,1,Vandalism,No
Corpus Colossus,1995-08-08,Australia,0,None,No
Valkyrie Vuvalini,1965-09-09,Australia,1,Assault,No
Keeper of Seeds,1955-10-10,Australia,0,None,No
Aiko Mori,1992-04-12,Japan,0,None,No
Kenjiiro Tsuda,1980-06-11,Japan,1,Public Nuisance,No
Isamu Sato,1975-03-25,Japan,2,"Tax Evasion; Bribery",No
Yumi Kawaguchi,1998-12-01,Japan,0,None,No
Takashi Sorimachi,1973-12-19,Japan,1,DUI,No
Ren Amari,2001-05-05,Japan,0,None,No
Kaito Kuroba,1997-06-21,Japan,3,"Grand Larceny; Evading Arrest",Yes
Shinichi Kudo,1997-05-04,Japan,1,Breaking and Entering (Investigative),No
Ran Mouri,1997-10-01,Japan,0,None,No
Kogoro Mouri,1965-03-03,Japan,1,Public Intoxication,No
Heiji Hattori,1998-08-10,Japan,1,Speeding,No
Masumi Sera,1999-02-02,Japan,0,None,No
Tooru Amuro,1988-07-29,Japan,2,"Reckless Driving; Espionage",Yes
Shuichi Akai,1985-12-02,United States,2,Illegal Discharge of Firearm,No
Jodie Starling,1982-01-01,United States,0,None,No
James Black,1960-04-04,United Kingdom,0,None,No
Andre Camel,1980-05-05,United States,1,Traffic Violation,No
Sharon Vermouth,1975-01-01,United States,5,"Murder; Identity Fraud; Kidnapping",Yes
Gin Black-Org,1980-11-11,Unknown,12,"Homicide; Arson; Conspiracy",Yes
Vodka Black-Org,1982-12-12,Unknown,4,Accessory to Murder,No
Chianti Sniper,1990-03-03,Unknown,3,Attempted Murder,Yes
Korn Sniper,1985-04-04,Unknown,3,Assault,No
Bourbon Furuya,1988-07-29,Japan,0,None,No
Kir Mizunashi,1990-05-05,Japan,1,Espionage,No
Elena Ishii,1993-06-06,Japan,0,None,No
Lukas Vacek,1985-07-14,Czech Republic,1,Theft,No
Martina Navratilova,1956-10-18,Czech Republic,0,None,No
Jakub Kohout,1990-09-09,Czech Republic,2,"Vandalism; Resisting Arrest",No
Petra Kvitova,1990-03-08,Czech Republic,0,None,No
Tomas Rosicky,1980-10-04,Czech Republic,0,None,No
Milan Baros,1981-10-28,Czech Republic,1,Public Disturbance,No
Jan Hus,1970-07-07,Czech Republic,1,Heresy,No
Franz Kafka,1983-07-03,Czech Republic,0,None,No
Soren Abildgaard,1982-01-20,Denmark,1,Illegal Fishing,No
Mette Frederiksen,1977-11-19,Denmark,0,None,No
Lars von Trier,1956-04-30,Denmark,1,Public Indecency,No
Mads Mikkelsen,1965-11-22,Denmark,0,None,No
Nikolaj Coster-Waldau,1970-07-27,Denmark,0,None,No
Viggo Mortensen,1958-10-20,United States,0,None,No
Helena Christensen,1968-12-25,Denmark,0,None,No
Bjork Gudmundsdottir,1965-11-21,Iceland,1,Assault (Paparazzi),No
Sigur Ros,1975-01-01,Iceland,0,None,No
Magnus Carlsen,1990-11-30,Norway,0,None,No
Ole Gunnar Solskjaer,1973-02-26,Norway,0,None,No
Erling Haaland,2000-07-21,Norway,0,None,No
Ada Hegerberg,1995-07-10,Norway,0,None,No
Henrik Ibsen,1960-03-20,Norway,1,Sedition,No
Edvard Munch,1963-12-12,Norway,1,Vandalism,No
Roald Amundsen,1972-07-16,Norway,0,None,No
Thor Heyerdahl,1964-10-06,Norway,1,Customs Violation,No
Alexander Skarsgard,1976-08-25,Sweden,0,None,No
Stellan Skarsgard,1951-06-13,Sweden,0,None,No
Alicia Vikander,1988-10-03,Sweden,0,None,No
Greta Thunberg,2003-01-03,Sweden,2,"Trespassing; Civil Disobedience",No
Zlatan Ibrahimovic,1981-10-03,Sweden,1,Assault,No
Alfred Nobel,1950-10-21,Sweden,1,Possession of Explosives,No
August Strindberg,1960-01-22,Sweden,1,Libel,No
Ingmar Bergman,1958-07-14,Sweden,0,None,No
Jean Reno,1948-07-30,France,1,Accessory to Homicide,No
Vincent Cassel,1966-11-23,France,2,"Assault; Vandalism",No
Marion Cotillard,1975-09-30,France,0,None,No
Lea Seydoux,1985-07-01,France,0,None,No
Zinedine Zidane,1972-06-23,France,1,Assault (Headbutt),No
Thierry Henry,1977-08-17,France,0,None,No
Kylian Mbappe,1998-12-20,France,0,None,No
Victor Hugo,1962-02-26,France,1,Political Exile,No
Edith Piaf,1975-12-19,France,1,Public Intoxication,No
Coco Chanel,1963-08-19,France,1,Espionage,No
Christian Dior,1965-01-21,France,0,None,No
Yves Saint Laurent,1976-08-01,Algeria,0,None,No
Monica Bellucci,1964-09-30,Italy,0,None,No
Sophia Loren,1954-09-20,Italy,1,Tax Evasion,No
Roberto Benigni,1952-10-27,Italy,1,Disturbing the Peace,No
Federico Fellini,1960-01-20,Italy,0,None,No
Ennio Morricone,1958-11-10,Italy,0,None,No
Andrea Bocelli,1958-09-22,Italy,0,None,No
Valentino Rossi,1979-02-16,Italy,1,Speeding,No
Gianluigi Buffon,1978-01-28,Italy,1,Illegal Gambling,No
Francesco Totti,1976-09-27,Italy,0,None,No
Alessandro Del Piero,1974-11-09,Italy,0,None,No
Leonardo Da Vinci,1952-04-15,Italy,1,Graverobbing,No
Michelangelo Buonarroti,1955-03-06,Italy,1,Assault,No
Galileo Galilei,1964-02-15,Italy,1,Heresy,No
Marco Polo,1974-09-15,Italy,1,Smuggling,No
Christopher Columbus,1951-10-31,Italy,2,"Grand Theft Ship; Kidnapping",No
Amerigo Vespucci,1954-03-09,Italy,0,None,No
Dante Alighieri,1965-06-01,Italy,1,Exile,No
Niccolo Machiavelli,1969-05-03,Italy,2,"Conspiracy; Fraud",Yes
Giacomo Casanova,1975-04-02,Italy,3,"Seduction Fraud; Prison Break",No
Antonio Vivaldi,1978-03-04,Italy,0,None,No
Guiseppe Verdi,1963-10-10,Italy,1,Sedition,No
Luciano Pavarotti,1955-10-12,Italy,0,None,No
Giorgio Armani,1954-07-11,Italy,0,None,No
Gianni Versace,1966-12-02,Italy,0,None,No
Donatella Versace,1975-05-02,Italy,0,None,No
Miuccia Prada,1969-05-10,Italy,0,None,No
Enzo Ferrari,1968-02-18,Italy,1,Speeding,No
Ferruccio Lamborghini,1966-04-28,Italy,0,None,No
John Doe,1980-01-01,United States,0,None,No
Jane Doe,1985-05-05,Canada,1,Vagrancy,No
Richard Roe,1978-03-03,United Kingdom,2,Trespassing,No
Jane Roe,1982-04-04,Australia,1,Public Nuisance,No
Baby Doe,2024-01-01,Unknown,0,None,No
John Smith,1990-12-12,United States,1,Shoplifting,No
Mary Johnson,1988-11-11,United States,0,None,No
James Williams,1985-10-10,United States,3,"DUI; Possession",No
Patricia Brown,1982-09-09,United States,1,Theft,No
Robert Jones,1979-08-08,United States,2,Assault,No
Maria Garcia,1976-07-07,Mexico,0,None,No
Michael Miller,1973-06-06,United States,4,"Burglary; Grand Larceny",Yes
Linda Davis,1970-05-05,United States,1,Fraud,No
David Rodriguez,1967-04-04,Mexico,2,Illegal Entry,No
Barbara Martinez,1964-03-03,Spain,0,None,No
William Hernandez,1961-02-02,Mexico,1,DUI,No
Elizabeth Lopez,1958-01-01,United States,0,None,No
Richard Gonzalez,1955-12-12,Cuba,1,Political Crimes,No
Susan Wilson,1952-11-11,United States,0,None,No
Joseph Anderson,1949-10-10,United States,2,Theft,No
Jessica Thomas,1946-09-09,United Kingdom,0,None,No
Sarah Taylor,1943-08-08,United States,1,Embezzlement,No
Karen Moore,1940-07-07,United States,0,None,No
Nancy Jackson,1937-06-06,United States,1,Shoplifting,No
Margaret Martin,1934-05-05,United Kingdom,0,None,No
Christopher Lee,1931-04-04,United Kingdom,1,Illegal Firearm Possession,No
Sandra Perez,1928-03-03,Mexico,0,None,No
Ashley Thompson,1995-02-02,United States,1,Drug Possession,No
Dorothy White,1992-01-01,United States,0,None,No
Kimberly Harris,1989-12-31,United States,1,Identity Theft,No
Donna Sanchez,1986-11-30,United States,2,Assault,No
Emily Clark,1983-10-29,United States,0,None,No
Michelle Ramirez,1980-09-28,Mexico,1,Theft,No
Carol Lewis,1977-08-27,United Kingdom,0,None,No
Amanda Robinson,1974-07-26,United States,1,Vandalism,No
Melissa Walker,1971-06-25,United States,3,Armed Robbery,Yes
Deborah Young,1968-05-24,United States,1,Fraud,No
Stephanie Allen,1965-04-23,United States,0,None,No
Rebecca King,1962-03-22,United States,1,Harassment,No
Laura Wright,1959-02-21,United States,2,Theft,No
Sharon Scott,1956-01-20,United States,0,None,No
Cynthia Torres,1953-12-19,Mexico,1,Illegal Entry,No
Linh Nguyen,1998-11-18,Vietnam,0,None,No
Kathleen Hill,1995-10-17,United States,1,Theft,No
Amy Flores,1992-09-16,Mexico,0,None,No
Shirley Green,1989-08-15,United States,1,Public Intoxication,No
Angela Adams,1986-07-14,United States,2,Assault,No
Helen Nelson,1983-06-13,United States,1,Shoplifting,No
Anna Baker,1980-05-12,United Kingdom,0,None,No
Brenda Hall,1977-04-11,United States,1,DUI,No
Pamela Rivera,1974-03-10,Mexico,2,Burglary,No
Nicole Campbell,1971-02-09,United States,1,Theft,No
Samantha Mitchell,1968-01-08,United States,0,None,No
Katherine Carter,1965-12-07,United States,1,Fraud,No
Emma Roberts,1962-11-06,United Kingdom,1,Tax Evasion,No